id,sparql,pattern_type,complexity
q1,SELECT ?target WHERE { ?hidden ns1:has_course_code ?target . ?hidden ns1:has_research_group ns1:machine_learning_and_computer_vision . },2_prop_branching_v4,intermediate
q2,SELECT ?target WHERE { ns1:system_administration ns1:has_research_group ?target . },1_prop_object_target,basic
q3,SELECT ?target WHERE { ?hidden ns1:has_course_category ?target . ns1:introduction_to_artificial_intelligence_and_data_science ns1:has_prerequisite_course ?hidden . },2_prop_branching_v2,intermediate
q4,SELECT ?target WHERE { ns1:competitive_programming_practicum ns1:has_evaluation_method ?target . },1_prop_object_target,basic
q5,SELECT ?target WHERE { ns1:final_project_group_assignment ns1:has_prerequisite_course ?target . },1_prop_object_target,basic
q6,SELECT ?target WHERE { ns1:machine_learning ns1:has_research_group ?target . },1_prop_object_target,basic
q7,SELECT ?target WHERE { ?target ns1:has_evaluation_method ns1:programming_assignment . },1_prop_subject_target,basic
q8,SELECT ?target WHERE { ns1:ethical_hacking ns1:has_research_group ?target . },1_prop_object_target,basic
q9,SELECT ?target WHERE { ?hidden ns1:has_course_code ?target . ?hidden ns1:has_prerequisite_course ns1:introduction_to_digital_systems . },2_prop_branching_v4,intermediate
q10,SELECT ?target WHERE { ?target ns1:has_research_group ns1:center_for_cyber_security_and_cryptography . },1_prop_subject_target,basic
q11,SELECT ?target WHERE { ns1:computer_assisted_teaching ns1:has_research_group ?target . },1_prop_object_target,basic
q12,SELECT ?target WHERE { ?hidden ns1:has_course_code ?target . ?hidden ns1:has_course_category ns1:faculty_mandatory_course . },2_prop_branching_v4,intermediate
q13,SELECT ?target WHERE { ?hidden ns1:has_evaluation_method ?target . ns1:introduction_to_computer_organization ns1:has_prerequisite_course ?hidden . },2_prop_branching_v2,intermediate
q14,SELECT ?target WHERE { ?target ns1:has_course_category ns1:study_program_mandatory_course . },1_prop_subject_target,basic
q15,SELECT ?target WHERE { ?target ns1:has_course_category ns1:university_mandatory_course . },1_prop_subject_target,basic
q16,SELECT ?target WHERE { ?hidden ns1:has_research_group ?target . ?hidden ns1:has_evaluation_method ns1:laboratory_assignment . },2_prop_branching_v4,intermediate
q17,SELECT ?target WHERE { ns1:data_structures_and_algorithms ns1:has_evaluation_method ?target . },1_prop_object_target,basic
q18,SELECT ?target WHERE { ns1:logic_programming ns1:has_prerequisite_course ?target . },1_prop_object_target,basic
q19,SELECT ?target WHERE { ns1:embedded_systems ns1:has_prerequisite_course ?target . },1_prop_object_target,basic
q20,SELECT ?target WHERE { ns1:data_mining ns1:has_evaluation_method ?target . },1_prop_object_target,basic
q21,SELECT ?target WHERE { ?hidden ns1:also_known_as ?target . ?hidden ns1:has_prerequisite_course ns1:advanced_programming . },2_prop_branching_v4,intermediate
q22,SELECT ?target WHERE { ?target ns1:has_research_group ns1:reliable_software_engineering . },1_prop_subject_target,basic
q23,SELECT ?target WHERE { ?target ns1:has_evaluation_method ns1:demo . },1_prop_subject_target,basic
q24,SELECT ?target WHERE { ?target ns1:has_prerequisite_course ns1:introduction_to_artificial_intelligence_and_data_science . },1_prop_subject_target,basic
q25,SELECT ?target WHERE { ?target ns1:has_prerequisite_course ns1:programming_basics_2 . },1_prop_subject_target,basic
q26,SELECT ?target WHERE { ns1:digital_forensics ns1:has_course_category ?target . },1_prop_object_target,basic
q27,SELECT ?target WHERE { ns1:knowledge_representation_and_reasoning ns1:has_research_group ?target . },1_prop_object_target,basic
q28,SELECT ?target WHERE { ?hidden ns1:has_credits ?target . ?hidden ns1:has_evaluation_method ns1:group_task . },2_prop_branching_v4,intermediate
q29,SELECT ?target WHERE { ?hidden ns1:has_credits ?target . ?hidden ns1:has_course_category ns1:university_mandatory_course . },2_prop_branching_v4,intermediate
q30,SELECT ?target WHERE { ?target ns1:has_evaluation_method ns1:project_assignment . },1_prop_subject_target,basic
q31,SELECT ?target WHERE { ?target ns1:has_prerequisite_course ?hidden . ?hidden ns1:has_evaluation_method ns1:test . },2_prop_branching_v1,intermediate
q32,SELECT ?target WHERE { ?target ns1:has_research_group ns1:center_for_cyber_security_and_cryptography . },1_prop_subject_target,basic
q33,SELECT ?target WHERE { ?target ns1:has_prerequisite_course ns1:calculus_1 . },1_prop_subject_target,basic
q34,SELECT ?target WHERE { ?target ns1:has_course_category ns1:study_program_mandatory_course . },1_prop_subject_target,basic
q35,SELECT ?target WHERE { ?hidden ns1:has_evaluation_method ?target . ?hidden ns1:has_research_group ns1:computer_system_laboratory . },2_prop_branching_v4,intermediate
q36,SELECT ?target WHERE { ns1:religion ns1:has_evaluation_method ?target . },1_prop_object_target,basic
q37,SELECT ?target WHERE { ?hidden ns1:has_research_group ?target . ?hidden ns1:has_prerequisite_course ns1:linear_algebra . },2_prop_branching_v4,intermediate
q38,SELECT ?target WHERE { ?hidden ns1:also_known_as ?target . ?hidden ns1:has_prerequisite_course ns1:introduction_to_digital_systems . },2_prop_branching_v4,intermediate
q39,SELECT ?target WHERE { ?hidden ns1:has_research_group ?target . ?hidden ns1:has_prerequisite_course ns1:linear_algebra . },2_prop_branching_v4,intermediate
q40,SELECT ?target WHERE { ?hidden ns1:has_course_category ?target . ?hidden ns1:has_prerequisite_course ns1:introduction_to_artificial_intelligence_and_data_science . },2_prop_branching_v4,intermediate
q41,SELECT ?target WHERE { ?target ns1:has_research_group ns1:digital_library_and_distance_learning_laboratory . },1_prop_subject_target,basic
q42,SELECT ?target WHERE { ns1:cloud_computing ns1:has_evaluation_method ?target . },1_prop_object_target,basic
q43,SELECT ?target WHERE { ?target ns1:has_prerequisite_course ns1:computer_network . },1_prop_subject_target,basic
q44,SELECT ?target WHERE { ns1:research_methodology_and_scientific_writing ns1:has_evaluation_method ?target . },1_prop_object_target,basic
q45,SELECT ?target WHERE { ns1:database ns1:has_course_category ?target . },1_prop_object_target,basic
q46,SELECT ?target WHERE { ?hidden ns1:has_research_group ?target . ?hidden ns1:has_evaluation_method ns1:laboratory_assignment . },2_prop_branching_v4,intermediate
q47,SELECT ?target WHERE { ?hidden ns1:has_prerequisite_course ?target . ?hidden ns1:has_research_group ns1:computer_system_laboratory . },2_prop_branching_v4,intermediate
q48,SELECT ?target WHERE { ?hidden ns1:has_research_group ?target . ?hidden ns1:has_prerequisite_course ns1:linear_algebra . },2_prop_branching_v4,intermediate
q49,SELECT ?target WHERE { ?target ns1:has_prerequisite_course ns1:research_methodology_and_scientific_writing . },1_prop_subject_target,basic
q50,SELECT ?target WHERE { ?target ns1:has_research_group ns1:computer_system_laboratory . },1_prop_subject_target,basic
q51,SELECT ?target WHERE { ?hidden ns1:also_known_as ?target . ?hidden ns1:has_evaluation_method ns1:test . },2_prop_branching_v4,intermediate
q52,SELECT ?target WHERE { ?hidden ns1:has_course_category ?target . ?hidden ns1:has_evaluation_method ns1:lab_assignment . },2_prop_branching_v4,intermediate
q53,SELECT ?target WHERE { ?target ns1:has_course_category ns1:study_program_mandatory_course . },1_prop_subject_target,basic
q54,SELECT ?target WHERE { ?hidden ns1:also_known_as ?target . ?hidden ns1:has_prerequisite_course ns1:calculus_1 . },2_prop_branching_v4,intermediate
q55,SELECT ?target WHERE { ?hidden ns1:has_evaluation_method ns1:group_project . ?hidden ns1:has_course_category ns1:faculty_mandatory_course . ?hidden ns1:also_known_as ?target . },3_prop_star_v1,advanced
q56,SELECT ?target WHERE { ?target ns1:has_prerequisite_course ns1:data_structures_and_algorithms . },1_prop_subject_target,basic
q57,SELECT ?target WHERE { ?hidden ns1:has_prerequisite_course ?target . ?hidden ns1:has_course_category ns1:study_program_elective_course . },2_prop_branching_v4,intermediate
q58,SELECT ?target WHERE { ?hidden ns1:has_credits ?target . ?hidden ns1:has_course_category ns1:faculty_mandatory_course . },2_prop_branching_v4,intermediate
q59,SELECT ?target WHERE { ?hidden ns1:has_research_group ns1:computer_system_laboratory . ?hidden ns1:has_course_category ns1:study_program_elective_course . ?hidden ns1:has_minimum_credits ?target . },3_prop_star_v1,advanced
q60,SELECT ?target WHERE { ?hidden ns1:has_evaluation_method ?target . ns1:introduction_to_artificial_intelligence_and_data_science ns1:has_prerequisite_course ?hidden . },2_prop_branching_v2,intermediate
q61,SELECT ?target WHERE { ns1:digital_forensics ns1:has_research_group ?target . },1_prop_object_target,basic
q62,SELECT ?target WHERE { ?target ns1:has_research_group ns1:digital_library_and_distance_learning_laboratory . },1_prop_subject_target,basic
q63,SELECT ?target WHERE { ns1:deep_learning ns1:has_research_group ?target . },1_prop_object_target,basic
q64,SELECT ?target WHERE { ?hidden ns1:also_known_as ?target . ?hidden ns1:has_course_category ns1:university_mandatory_course . },2_prop_branching_v4,intermediate
q65,SELECT ?target WHERE { ns1:competitive_programming_practicum ns1:has_evaluation_method ?target . },1_prop_object_target,basic
q66,SELECT ?target WHERE { ?hidden ns1:has_course_category ns1:faculty_mandatory_course . ?hidden ns1:has_prerequisite_course ns1:research_methodology_and_scientific_writing . ?hidden ns1:also_known_as ?target . },3_prop_star_v1,advanced
q67,SELECT ?target WHERE { ?target ns1:has_prerequisite_course ns1:computer_network . },1_prop_subject_target,basic
q68,SELECT ?target WHERE { ns1:cloud_computing ns1:has_research_group ?target . },1_prop_object_target,basic
q69,SELECT ?target WHERE { ?target ns1:has_course_category ns1:university_mandatory_course . },1_prop_subject_target,basic
q70,SELECT ?target WHERE { ?hidden ns1:has_evaluation_method ?target . ?hidden ns1:has_course_category ns1:study_program_mandatory_course . },2_prop_branching_v4,intermediate
q71,SELECT ?target WHERE { ?hidden ns1:has_credits ?target . ?hidden ns1:has_course_category ns1:university_mandatory_course . },2_prop_branching_v4,intermediate
q72,SELECT ?target WHERE { ?hidden ns1:has_research_group ?target . ?hidden ns1:has_evaluation_method ns1:case_study . },2_prop_branching_v4,intermediate
q73,SELECT ?target WHERE { ns1:algorithm_design_and_analysis ns1:has_prerequisite_course ?target . },1_prop_object_target,basic
q74,SELECT ?target WHERE { ?hidden ns1:has_prerequisite_course ns1:data_structures_and_algorithms . ?hidden ns1:has_evaluation_method ns1:group_project . ?hidden ns1:also_known_as ?target . },3_prop_star_v1,advanced
q75,SELECT ?target WHERE { ?target ns1:has_prerequisite_course ns1:introduction_to_computer_organization . },1_prop_subject_target,basic
q76,SELECT ?target WHERE { ?target ns1:has_course_category ns1:study_program_elective_course . },1_prop_subject_target,basic
q77,SELECT ?target WHERE { ?hidden ns1:has_credits ?target . ?hidden ns1:has_course_category ns1:faculty_mandatory_course . },2_prop_branching_v4,intermediate
q78,SELECT ?target WHERE { ?hidden ns1:also_known_as ?target . ns1:database ns1:has_prerequisite_course ?hidden . },2_prop_branching_v2,intermediate
q79,SELECT ?target WHERE { ?hidden ns1:has_course_code ?target . ?hidden ns1:has_course_category ns1:study_program_elective_course . },2_prop_branching_v4,intermediate
q80,SELECT ?target WHERE { ns1:introduction_to_computer_organization ns1:has_evaluation_method ?target . },1_prop_object_target,basic
q81,SELECT ?target WHERE { ?target ns1:has_research_group ns1:machine_learning_and_computer_vision . },1_prop_subject_target,basic
q82,SELECT ?target WHERE { ?hidden ns1:has_course_category ?target . ?hidden ns1:has_prerequisite_course ns1:linear_algebra . },2_prop_branching_v4,intermediate
q83,SELECT ?target WHERE { ns1:data_structures_and_algorithms ns1:has_prerequisite_course ?target . },1_prop_object_target,basic
q84,SELECT ?target WHERE { ?hidden ns1:has_evaluation_method ?target . ?hidden ns1:has_prerequisite_course ns1:calculus_1 . },2_prop_branching_v4,intermediate
q85,SELECT ?target WHERE { ?target ns1:has_course_category ns1:faculty_mandatory_course . },1_prop_subject_target,basic
q86,SELECT ?target WHERE { ?target ns1:has_prerequisite_course ns1:calculus_2 . },1_prop_subject_target,basic
q87,SELECT ?target WHERE { ?hidden ns1:also_known_as ?target . ?hidden ns1:has_prerequisite_course ns1:database . },2_prop_branching_v4,intermediate
q88,SELECT ?target WHERE { ns1:differential_equations ns1:has_evaluation_method ?target . },1_prop_object_target,basic
q89,SELECT ?target WHERE { ?target ns1:has_research_group ns1:intelligent_systems_and_robotics . },1_prop_subject_target,basic
q90,SELECT ?target WHERE { ns1:robotics ns1:has_prerequisite_course ?target . },1_prop_object_target,basic
q91,SELECT ?target WHERE { ?target ns1:has_evaluation_method ns1:supervisor_evaluation . },1_prop_subject_target,basic
q92,SELECT ?target WHERE { ?hidden ns1:has_course_code ?target . ?hidden ns1:has_research_group ns1:computer_system_laboratory . },2_prop_branching_v4,intermediate
q93,SELECT ?target WHERE { ns1:programming_basics_1 ns1:has_evaluation_method ?target . },1_prop_object_target,basic
q94,SELECT ?target WHERE { ?target ns1:has_evaluation_method ns1:lab_assignment . },1_prop_subject_target,basic
q95,SELECT ?target WHERE { ns1:programming_basics_1 ns1:has_evaluation_method ?target . },1_prop_object_target,basic
q96,SELECT ?target WHERE { ?target ns1:has_prerequisite_course ns1:operating_system . },1_prop_subject_target,basic
q97,SELECT ?target WHERE { ?hidden ns1:has_prerequisite_course ns1:programming_basics_2 . ?hidden ns1:has_course_category ns1:study_program_elective_course . ?hidden ns1:has_evaluation_method ?target . },3_prop_star_v1,advanced
q98,SELECT ?target WHERE { ns1:computer_network ns1:has_prerequisite_course ?target . },1_prop_object_target,basic
q99,SELECT ?target WHERE { ?target ns1:has_prerequisite_course ns1:platform_based_programming . },1_prop_subject_target,basic
q100,SELECT ?target WHERE { ns1:software_project ns1:has_course_category ?target . },1_prop_object_target,basic
q101,SELECT ?target WHERE { ?hidden ns1:has_evaluation_method ns1:task . ?hidden ns1:has_course_category ns1:university_mandatory_course . ?hidden ns1:has_course_code ?target . },3_prop_star_v1,advanced
q102,SELECT ?target WHERE { ns1:introduction_to_computer_organization ns1:has_prerequisite_course ?target . },1_prop_object_target,basic
q103,SELECT ?target WHERE { ?target ns1:has_course_category ns1:faculty_mandatory_course . },1_prop_subject_target,basic
q104,SELECT ?target WHERE { ?hidden ns1:has_course_category ?target . ns1:advanced_programming ns1:has_prerequisite_course ?hidden . },2_prop_branching_v2,intermediate
q105,SELECT ?target WHERE { ?hidden ns1:has_research_group ?target . ?hidden ns1:has_prerequisite_course ns1:database . },2_prop_branching_v4,intermediate
q106,SELECT ?target WHERE { ?hidden ns1:also_known_as ?target . ns1:advanced_programming ns1:has_prerequisite_course ?hidden . },2_prop_branching_v2,intermediate
q107,SELECT ?target WHERE { ?hidden ns1:has_prerequisite_course ?target . ?hidden ns1:has_research_group ns1:information_retrieval_and_natural_language_processing . },2_prop_branching_v4,intermediate
q108,SELECT ?target WHERE { ?hidden ns1:has_prerequisite_course ?target . ?hidden ns1:has_evaluation_method ns1:projects_and_presentations . },2_prop_branching_v4,intermediate
q109,SELECT ?target WHERE { ?target ns1:has_research_group ns1:machine_learning_and_computer_vision . },1_prop_subject_target,basic
q110,SELECT ?target WHERE { ns1:data_structures_and_algorithms ns1:has_prerequisite_course ?target . },1_prop_object_target,basic
q111,SELECT ?target WHERE { ?hidden ns1:has_evaluation_method ?target . ?hidden ns1:has_research_group ns1:intelligent_systems_and_robotics . },2_prop_branching_v4,intermediate
q112,SELECT ?target WHERE { ?hidden ns1:has_minimum_credits ?target . ?hidden ns1:has_research_group ns1:machine_learning_and_computer_vision . },2_prop_branching_v4,intermediate
q113,SELECT ?target WHERE { ?hidden ns1:has_minimum_credits ?target . ?hidden ns1:has_evaluation_method ns1:test . },2_prop_branching_v4,intermediate
q114,SELECT ?target WHERE { ns1:programming_basics_2 ns1:has_course_category ?target . },1_prop_object_target,basic
q115,SELECT ?target WHERE { ns1:information_retrieval ns1:has_course_category ?target . },1_prop_object_target,basic
q116,SELECT ?target WHERE { ns1:functional_programming ns1:has_evaluation_method ?target . },1_prop_object_target,basic
q117,SELECT ?target WHERE { ?hidden ns1:has_course_code ?target . ?hidden ns1:has_evaluation_method ns1:programming_projects . },2_prop_branching_v4,intermediate
q118,SELECT ?target WHERE { ns1:competitive_programming_practicum ns1:has_research_group ?target . },1_prop_object_target,basic
q119,SELECT ?target WHERE { ?target ns1:has_prerequisite_course ns1:calculus_2 . },1_prop_subject_target,basic
q120,SELECT ?target WHERE { ns1:machine_learning ns1:has_research_group ?target . },1_prop_object_target,basic
q121,SELECT ?target WHERE { ?hidden ns1:also_known_as ?target . ns1:computer_network ns1:has_prerequisite_course ?hidden . },2_prop_branching_v2,intermediate
q122,SELECT ?target WHERE { ?hidden ns1:has_course_category ?target . ?hidden ns1:has_research_group ns1:machine_learning_and_computer_vision . },2_prop_branching_v4,intermediate
q123,SELECT ?target WHERE { ?hidden ns1:has_evaluation_method ?target . ?hidden ns1:has_course_category ns1:faculty_mandatory_course . },2_prop_branching_v4,intermediate
q124,SELECT ?target WHERE { ?hidden ns1:has_research_group ns1:digital_library_and_distance_learning_laboratory . ?hidden ns1:has_course_category ns1:study_program_elective_course . ?hidden ns1:has_evaluation_method ?target . },3_prop_star_v1,advanced
q125,SELECT ?target WHERE { ?target ns1:has_evaluation_method ns1:task . },1_prop_subject_target,basic
q126,SELECT ?target WHERE { ns1:introduction_to_computer_organization ns1:has_prerequisite_course ?target . },1_prop_object_target,basic
q127,SELECT ?target WHERE { ns1:spoken_language_processing ns1:has_prerequisite_course ?target . },1_prop_object_target,basic
q128,SELECT ?target WHERE { ?target ns1:has_research_group ns1:information_retrieval_and_natural_language_processing . },1_prop_subject_target,basic
q129,SELECT ?target WHERE { ns1:computer_vision ns1:has_research_group ?target . },1_prop_object_target,basic
q130,SELECT ?target WHERE { ?hidden ns1:has_course_category ?target . ?hidden ns1:has_prerequisite_course ns1:advanced_programming . },2_prop_branching_v4,intermediate
q131,SELECT ?target WHERE { ns1:individual_final_assignment ns1:has_evaluation_method ?target . },1_prop_object_target,basic
q132,SELECT ?target WHERE { ?hidden ns1:also_known_as ?target . ?hidden ns1:has_prerequisite_course ns1:computer_network . },2_prop_branching_v4,intermediate
q133,SELECT ?target WHERE { ns1:data_mining ns1:has_research_group ?target . },1_prop_object_target,basic
q134,SELECT ?target WHERE { ns1:spoken_language_processing ns1:has_prerequisite_course ?target . },1_prop_object_target,basic
q135,SELECT ?target WHERE { ?hidden ns1:has_course_code ?target . ?hidden ns1:has_evaluation_method ns1:presentation . },2_prop_branching_v4,intermediate
q136,SELECT ?target WHERE { ?hidden ns1:has_research_group ?target . ?hidden ns1:has_prerequisite_course ns1:discrete_mathematics_1 . },2_prop_branching_v4,intermediate
q137,SELECT ?target WHERE { ?target ns1:has_research_group ns1:intelligent_systems_and_robotics . },1_prop_subject_target,basic
q138,SELECT ?target WHERE { ns1:individual_final_assignment ns1:has_course_category ?target . },1_prop_object_target,basic
q139,SELECT ?target WHERE { ?hidden ns1:has_prerequisite_course ?target . ?hidden ns1:has_evaluation_method ns1:test . },2_prop_branching_v4,intermediate
q140,SELECT ?target WHERE { ns1:software_quality_assurance ns1:has_evaluation_method ?target . },1_prop_object_target,basic
q141,SELECT ?target WHERE { ?target ns1:has_course_category ns1:study_program_elective_course . },1_prop_subject_target,basic
q142,SELECT ?target WHERE { ?target ns1:has_evaluation_method ns1:report_document . },1_prop_subject_target,basic
q143,SELECT ?target WHERE { ns1:language_theory_and_automata ns1:has_prerequisite_course ?target . },1_prop_object_target,basic
q144,SELECT ?target WHERE { ?target ns1:has_evaluation_method ns1:group_discussiontask . },1_prop_subject_target,basic
q145,SELECT ?target WHERE { ?target ns1:has_course_category ns1:university_mandatory_course . },1_prop_subject_target,basic
q146,SELECT ?target WHERE { ?hidden ns1:has_evaluation_method ?target . ?hidden ns1:has_course_category ns1:study_program_elective_course . },2_prop_branching_v4,intermediate
q147,SELECT ?target WHERE { ?target ns1:has_prerequisite_course ns1:programming_basics_1 . },1_prop_subject_target,basic
q148,SELECT ?target WHERE { ?hidden ns1:has_course_category ns1:study_program_elective_course . ?hidden ns1:has_research_group ns1:digital_library_and_distance_learning_laboratory . ?hidden ns1:has_credits ?target . },3_prop_star_v1,advanced
q149,SELECT ?target WHERE { ns1:internship ns1:has_evaluation_method ?target . },1_prop_object_target,basic
q150,SELECT ?target WHERE { ?target ns1:has_research_group ns1:machine_learning_and_computer_vision . },1_prop_subject_target,basic
q151,SELECT ?target WHERE { ?hidden ns1:has_evaluation_method ?target . ?hidden ns1:has_prerequisite_course ns1:introduction_to_computer_organization . },2_prop_branching_v4,intermediate
q152,SELECT ?target WHERE { ns1:algorithm_design_and_analysis ns1:has_evaluation_method ?target . },1_prop_object_target,basic
q153,SELECT ?target WHERE { ?hidden ns1:has_evaluation_method ?target . ?hidden ns1:has_prerequisite_course ns1:discrete_mathematics_1 . },2_prop_branching_v4,intermediate
q154,SELECT ?target WHERE { ?hidden ns1:has_course_code ?target . ?hidden ns1:has_course_category ns1:faculty_mandatory_course . },2_prop_branching_v4,intermediate
q155,SELECT ?target WHERE { ?hidden ns1:has_credits ?target . ?hidden ns1:has_course_category ns1:study_program_mandatory_course . },2_prop_branching_v4,intermediate
q156,SELECT ?target WHERE { ?target ns1:has_course_category ns1:study_program_elective_course . },1_prop_subject_target,basic
q157,SELECT ?target WHERE { ns1:simulation_and_modeling ns1:has_course_category ?target . },1_prop_object_target,basic
q158,SELECT ?target WHERE { ns1:competitive_programming ns1:has_prerequisite_course ?target . },1_prop_object_target,basic
q159,SELECT ?target WHERE { ns1:computer_vision ns1:has_course_category ?target . },1_prop_object_target,basic
q160,SELECT ?target WHERE { ns1:web_application_architecture ns1:has_research_group ?target . },1_prop_object_target,basic
q161,SELECT ?target WHERE { ?target ns1:has_research_group ns1:reliable_software_engineering . },1_prop_subject_target,basic
q162,SELECT ?target WHERE { ?target ns1:has_research_group ns1:intelligent_systems_and_robotics . },1_prop_subject_target,basic
q163,SELECT ?target WHERE { ?target ns1:has_course_category ns1:study_program_mandatory_course . },1_prop_subject_target,basic
q164,SELECT ?target WHERE { ?hidden ns1:has_minimum_credits ?target . ?hidden ns1:has_research_group ns1:digital_library_and_distance_learning_laboratory . },2_prop_branching_v4,intermediate
q165,SELECT ?target WHERE { ?target ns1:has_prerequisite_course ns1:introduction_to_digital_systems . },1_prop_subject_target,basic
q166,SELECT ?target WHERE { ?hidden ns1:has_evaluation_method ?target . ?hidden ns1:has_prerequisite_course ns1:introduction_to_artificial_intelligence_and_data_science . },2_prop_branching_v4,intermediate
q167,SELECT ?target WHERE { ns1:game_development ns1:has_research_group ?target . },1_prop_object_target,basic
q168,SELECT ?target WHERE { ?hidden ns1:also_known_as ?target . ?hidden ns1:has_research_group ns1:digital_library_and_distance_learning_laboratory . },2_prop_branching_v4,intermediate
